time,capture,gui_change,writes (CV=value hex),reads
2026-09-27T21:47:03,usb/28_reset_all.pcapng,General settings: 'Reset all' -> confirm Yes,8=08,101 CVs
2026-09-27T21:48:09,usb/29_finetune_power_20.pcapng,Finetuning: transmitter power -> 20,3=02 3=14,
2026-09-27T21:48:24,usb/30_finetune_power_30.pcapng,Finetuning: transmitter power -> 30,3=03 3=1E,
2026-09-27T21:48:40,usb/31_finetune_power_0.pcapng,Finetuning: transmitter power -> 0,,
2026-09-27T21:48:56,usb/32_finetune_power_255.pcapng,Finetuning: transmitter power -> 255,3=02 3=19,
2026-09-27T21:49:11,usb/33_finetune_power_25.pcapng,Finetuning: transmitter power -> 25,3=02 3=19,
2026-09-27T21:49:27,usb/34_finetune_closeup_0.pcapng,Finetuning: extra closeup -> 0,4=00,
2026-09-27T21:49:43,usb/35_finetune_closeup_10.pcapng,Finetuning: extra closeup -> 10,4=01 4=0A,
2026-09-27T21:49:59,usb/36_finetune_closeup_5.pcapng,Finetuning: extra closeup -> 5,4=05,
2026-09-27T21:50:14,usb/37_finetune_filter_lane0_off.pcapng,Finetuning: filter lane0 -> off,5=36 10=20 12=83 13=C9 14=FE 15=26 16=00 17=00 18=43 19=B6 20=01 21=F6 22=00 23=00 40=21 42=C3 43=49 44=FD 45=EB 46=00 47=00 48=C3 49=49 50=FD 51=EB 52=00 53=00 25=23 27=83 28=C9 29=FF 30=78 31=00 32=00 33=C3 34=49 35=FF 36=57 37=00 38=00,
2026-09-27T21:50:30,usb/38_finetune_filter_lane0_on.pcapng,Finetuning: filter lane0 -> on,5=3E 10=20 12=03 13=3E 14=01 15=AF 16=00 17=00 18=C3 19=41 20=FE 21=7F 22=00 23=00 40=21 42=C3 43=41 44=FD 45=9D 46=00 47=00 48=C3 49=41 50=FD 51=9D 52=00 53=00 25=23 27=83 28=C1 29=FF 30=0E 31=00 32=00 33=43 34=BE 35=00 36=DE 37=00 38=00,
2026-09-27T21:50:45,usb/39_finetune_filter_lane1_off.pcapng,Finetuning: filter lane1 -> off,5=2E 10=20 12=83 13=D1 14=FE 15=BC 16=00 17=00 18=C3 19=51 20=FE 21=93 22=00 23=00 40=21 42=C3 43=51 44=FD 45=71 46=00 47=00 48=C3 49=51 50=FD 51=71 52=00 53=00 25=23 27=83 28=D1 29=FF 30=E2 31=00 32=00 33=C3 34=51 35=FF 36=CD 37=00 38=00,
2026-09-27T21:51:00,usb/40_finetune_filter_lane1_on.pcapng,Finetuning: filter lane1 -> on,5=3E 10=20 12=03 13=3E 14=01 15=AF 16=00 17=00 18=C3 19=41 20=FE 21=7F 22=00 23=00 40=21 42=C3 43=41 44=FD 45=9D 46=00 47=00 48=C3 49=41 50=FD 51=9D 52=00 53=00 25=23 27=83 28=C1 29=FF 30=0E 31=00 32=00 33=43 34=BE 35=00 36=DE 37=00 38=00,
2026-09-27T21:51:16,usb/41_finetune_filter_lane2_off.pcapng,Finetuning: filter lane2 -> off,5=1E 10=20 12=83 13=E1 14=FE 15=91 16=00 17=00 18=C3 19=61 20=FE 21=BE 22=00 23=00 40=21 42=C3 43=61 44=FD 45=5C 46=00 47=00 48=C3 49=61 50=FD 51=5C 52=00 53=00 25=23 27=83 28=E1 29=FF 30=CF 31=00 32=00 33=C3 34=61 35=FF 36=E0 37=00 38=00,
2026-09-27T21:51:31,usb/42_finetune_filter_lane2_on.pcapng,Finetuning: filter lane2 -> on,5=3E 10=20 12=03 13=3E 14=01 15=AF 16=00 17=00 18=C3 19=41 20=FE 21=7F 22=00 23=00 40=21 42=C3 43=41 44=FD 45=9D 46=00 47=00 48=C3 49=41 50=FD 51=9D 52=00 53=00 25=23 27=83 28=C1 29=FF 30=0E 31=00 32=00 33=43 34=BE 35=00 36=DE 37=00 38=00,
2026-09-27T21:51:46,usb/43_finetune_filter_dirA_off.pcapng,Finetuning: filter dirA -> off,5=3A 10=20 12=83 13=C5 14=FE 15=6B 16=00 17=00 18=43 19=BA 20=01 21=BB 22=00 23=00 40=21 42=C3 43=45 44=FD 45=A6 46=00 47=00 48=C3 49=45 50=FD 51=A6 52=00 53=00 25=23 27=83 28=C5 29=FF 30=35 31=00 32=00 33=C3 34=45 35=FF 36=1A 37=00 38=00,
2026-09-27T21:52:01,usb/44_finetune_filter_dirA_on.pcapng,Finetuning: filter dirA -> on,5=3E 10=20 12=03 13=3E 14=01 15=AF 16=00 17=00 18=C3 19=41 20=FE 21=7F 22=00 23=00 40=21 42=C3 43=41 44=FD 45=9D 46=00 47=00 48=C3 49=41 50=FD 51=9D 52=00 53=00 25=23 27=83 28=C1 29=FF 30=0E 31=00 32=00 33=43 34=BE 35=00 36=DE 37=00 38=00,
2026-09-27T21:52:16,usb/45_finetune_filter_dirB_off.pcapng,Finetuning: filter dirB -> off,5=3C 10=20 12=83 13=C3 14=FE 15=C1 16=00 17=00 18=C3 19=43 20=FE 21=EE 22=00 23=00 40=21 42=43 43=BC 44=02 45=F3 46=00 47=00 48=43 49=BC 50=02 51=F3 52=00 53=00 25=23 27=83 28=C3 29=FF 30=9F 31=00 32=00 33=C3 34=43 35=FF 36=B0 37=00 38=00,
2026-09-27T21:52:31,usb/46_finetune_filter_dirB_on.pcapng,Finetuning: filter dirB -> on,5=3E 10=20 12=03 13=3E 14=01 15=AF 16=00 17=00 18=C3 19=41 20=FE 21=7F 22=00 23=00 40=21 42=C3 43=41 44=FD 45=9D 46=00 47=00 48=C3 49=41 50=FD 51=9D 52=00 53=00 25=23 27=83 28=C1 29=FF 30=0E 31=00 32=00 33=43 34=BE 35=00 36=DE 37=00 38=00,
2026-09-27T21:53:17,usb/47_finetune_power_15.pcapng,Finetuning: transmitter power -> 15 (for scope width test),3=01 3=0F,
2026-09-27T21:54:13,usb/48_finetune_power_25.pcapng,Finetuning: transmitter power -> 25 (restore),3=02 3=19,
2026-09-27T21:55:54,usb/49_mode_analogue_pedestrian_off.pcapng,Operation mode list: analogue sub-option pedestrian -> off,7=01,
2026-09-27T21:56:15,usb/50_mode_analogue_pedestrian_on.pcapng,Operation mode list: analogue sub-option pedestrian -> on,7=02,
2026-09-27T21:56:35,usb/51_mode_analogue_railcross_off.pcapng,Operation mode list: analogue sub-option railcross -> off,7=05,
2026-09-27T21:56:55,usb/52_mode_analogue_railcross_on.pcapng,Operation mode list: analogue sub-option railcross -> on,,
2026-09-27T21:57:15,usb/53_mode_analogue_traffic_master_off.pcapng,Operation mode list: analogue sub-option traffic_master -> off,,
2026-09-27T21:57:36,usb/54_mode_analogue_traffic_master_on.pcapng,Operation mode list: analogue sub-option traffic_master -> on,,
2026-09-27T21:57:56,usb/55_mode_analogue_traffic_slave_off.pcapng,Operation mode list: analogue sub-option traffic_slave -> off,,
2026-09-27T21:58:16,usb/56_mode_analogue_traffic_slave_on.pcapng,Operation mode list: analogue sub-option traffic_slave -> on,,
2026-09-27T21:58:36,usb/57_mode_dcc.pcapng,Operation mode -> DCC,,
2026-09-27T21:59:54,usb/58_mode_traffic_master.pcapng,Operation mode -> traffic_master,7=03,
2026-09-27T22:00:15,usb/59_mode_dcc.pcapng,Operation mode -> dcc,7=04,
2026-09-27T22:00:36,usb/60_mode_analogue.pcapng,Operation mode -> analogue,7=00,
2026-09-27T22:01:09,usb/61_analogue_impulse_on.pcapng,Analogue: impulse-driven input -> ticked,6=05,
2026-09-27T22:01:41,usb/62_analogue_impulse_1s.pcapng,Analogue: impulse time -> 1 s,6=01,
2026-09-27T22:02:00,usb/63_analogue_impulse_255s.pcapng,Analogue: impulse time -> 255 s,6=02 6=19 6=FF,
2026-09-27T22:02:19,usb/64_analogue_impulse_100s.pcapng,Analogue: impulse time -> 100 s,6=01 6=0A 6=64,
2026-09-27T22:02:38,usb/65_analogue_impulse_5s.pcapng,Analogue: impulse time -> 5 s,6=05,
2026-09-27T22:02:56,usb/66_analogue_impulse_off.pcapng,Analogue: impulse-driven input -> unticked,6=00,
2026-09-27T22:03:30,usb/67_slot1_stop_short_range_on.pcapng,"Slot 1 (blue connected, stop): short_range -> on",24=01,
2026-09-27T22:03:48,usb/68_slot1_stop_short_range_off.pcapng,"Slot 1 (blue connected, stop): short_range -> off",24=00,
2026-09-27T22:04:07,usb/69_slot1_stop_emergency_ignored_on.pcapng,"Slot 1 (blue connected, stop): emergency_ignored -> on",24=10 10=20 12=03 13=3E 14=91 15=BE 16=00 17=00 18=43 19=BE 20=91 21=91 22=00 23=00,
2026-09-27T22:04:25,usb/70_slot1_stop_emergency_ignored_off.pcapng,"Slot 1 (blue connected, stop): emergency_ignored -> off",24=00 10=20 12=03 13=3E 14=01 15=AF 16=00 17=00 18=C3 19=41 20=FE 21=7F 22=00 23=00,
2026-09-27T22:04:43,usb/71_slot1_stop_turn_signal_on.pcapng,Slot 1 (stop): turn signal -> ticked,24=08 10=20 12=03 13=3E 14=89 15=E1 16=00 17=00 18=43 19=BE 20=89 21=CE 22=00 23=00,
2026-09-27T22:05:02,usb/72_slot1_stop_time_limit_on.pcapng,Slot 1 (stop): time limit -> ticked,56=14,
2026-09-27T22:05:44,usb/73_slot1_stop_turn_signal_right.pcapng,Slot 1 (stop): turn signal -> right,24=00 24=04 10=20 12=83 13=C1 14=7A 15=BD 16=00 17=00 18=43 19=BE 20=85 21=6D 22=00 23=00,
2026-09-27T22:06:02,usb/74_slot1_stop_emergency_plus_turn_right.pcapng,Slot 1 (stop): + ignored by emergency vehicles (with turn right),24=14 10=20 12=03 13=3E 14=95 15=DF 16=00 17=00 18=43 19=BE 20=95 21=F0 22=00 23=00,
2026-09-27T22:06:21,usb/75_slot1_stop_time_limit_1s.pcapng,Slot 1 (stop): time limit -> 1 s,56=01,
2026-09-27T22:06:39,usb/76_slot1_stop_time_limit_255s.pcapng,Slot 1 (stop): time limit -> 255 s,56=02 56=19 56=FF,
2026-09-27T22:06:58,usb/77_slot1_stop_time_limit_20s.pcapng,Slot 1 (stop): time limit -> 20 s,56=02 56=14,
2026-09-27T22:07:17,usb/78_slot1_stop_time_random_10s.pcapng,Slot 1 (stop): + random up to -> 10 s,57=01 57=0A,
2026-09-27T22:07:36,usb/79_slot1_stop_time_random_255s.pcapng,Slot 1 (stop): + random up to -> 255 s,57=02 57=19 57=FF,
2026-09-27T22:07:55,usb/80_slot1_stop_time_random_0s.pcapng,Slot 1 (stop): + random up to -> 0 s,57=00,
2026-09-27T22:08:36,usb/81_slot3_brake_short_range_on.pcapng,"Slot 3 (blue disconnected, brake): short_range -> on",54=01,
2026-09-27T22:08:54,usb/82_slot3_brake_short_range_off.pcapng,"Slot 3 (blue disconnected, brake): short_range -> off",54=00,
2026-09-27T22:09:12,usb/83_slot3_brake_stopping_lane_on.pcapng,"Slot 3 (blue disconnected, brake): stopping_lane -> on",54=80 40=21 42=43 43=BF 44=82 45=2A 46=00 47=00 48=43 49=BF 50=82 51=2A 52=00 53=00,
2026-09-27T22:09:30,usb/84_slot3_brake_stopping_lane_off.pcapng,"Slot 3 (blue disconnected, brake): stopping_lane -> off",54=00 40=21 42=C3 43=41 44=FD 45=9D 46=00 47=00 48=C3 49=41 50=FD 51=9D 52=00 53=00,
2026-09-27T22:09:48,usb/85_slot3_brake_emergency_ignored_on.pcapng,"Slot 3 (blue disconnected, brake): emergency_ignored -> on",54=10 40=21 42=43 43=BE 44=92 45=73 46=00 47=00 48=43 49=BE 50=92 51=73 52=00 53=00,
2026-09-27T22:10:07,usb/86_slot3_brake_emergency_ignored_off.pcapng,"Slot 3 (blue disconnected, brake): emergency_ignored -> off",54=00 40=21 42=C3 43=41 44=FD 45=9D 46=00 47=00 48=C3 49=41 50=FD 51=9D 52=00 53=00,
2026-09-27T22:10:25,usb/87_slot3_brake_turn_signal_on.pcapng,Slot 3 (brake): turn signal -> ticked (left),54=08 40=21 42=43 43=BE 44=8A 45=2C 46=00 47=00 48=43 49=BE 50=8A 51=2C 52=00 53=00,
2026-09-27T22:10:43,usb/88_slot3_brake_custom_distance_on.pcapng,Slot 3 (brake): custom distance -> ticked,41=1E 40=21 42=C4 43=41 44=75 45=E1 46=FD 47=00 48=C4 49=41 50=75 51=E1 52=FD 53=00,12 CVs
2026-09-27T22:11:21,usb/89_slot3_brake_distance_1cm.pcapng,Slot 3 (brake): custom distance -> 1 cm,41=01 40=21 42=44 43=BE 44=8A 45=01 46=DE 47=00 48=44 49=BE 50=8A 51=01 52=DE 53=00,
2026-09-27T22:11:41,usb/90_slot3_brake_distance_255cm.pcapng,Slot 3 (brake): custom distance -> 255 cm,41=02 40=21 42=C4 43=41 44=75 45=FD 46=C3 47=00 48=C4 49=41 50=75 51=FD 52=C3 53=00 41=19 40=21 42=C4 43=41 45=E6 46=7E 51=E6 52=7E 41=FF 42=44 43=BE 44=8A 45=FF 46=B5 48=44 49=BE 50=8A 51=FF 52=B5,
2026-09-27T22:12:00,usb/91_slot3_brake_distance_30cm.pcapng,Slot 3 (brake): custom distance -> 30 cm,41=03 40=21 42=C4 43=41 44=75 45=FC 46=9D 47=00 48=C4 49=41 50=75 51=FC 52=9D 53=00 41=1E 45=E1 46=FD 51=E1 52=FD,
2026-09-27T22:12:19,usb/92_slot3_brake_turn_signal_right.pcapng,Slot 3 (brake): turn signal -> right,54=00 54=04 40=21 42=44 43=BE 44=86 45=1E 46=4F 47=00 48=44 49=BE 50=86 51=1E 52=4F 53=00,
2026-09-27T22:12:37,usb/93_slot3_brake_custom_distance_off.pcapng,Slot 3 (brake): custom distance -> unticked,41=00 40=21 42=43 43=BE 44=86 45=8F 46=00 47=00 48=43 49=BE 50=86 51=8F 52=00 53=00,
2026-09-27T22:12:55,usb/94_slot3_brake_turn_signal_off.pcapng,Slot 3 (brake): turn signal -> unticked,54=04 54=00 40=21 42=C3 43=41 44=FD 45=9D 46=00 47=00 48=C3 49=41 50=FD 51=9D 52=00 53=00,
2026-09-27T22:13:37,usb/95_slot1_stop_time_limit_off.pcapng,Slot 1 (stop): time limit -> unticked,56=00,
2026-09-27T22:13:56,usb/96_slot1_stop_emergency_off.pcapng,Slot 1 (stop): ignored by emergency vehicles -> unticked,24=04 10=20 12=83 13=C1 14=7A 15=BD 16=00 17=00 18=43 19=BE 20=85 21=6D 22=00 23=00,
2026-09-27T22:14:14,usb/97_slot1_stop_turn_signal_off.pcapng,Slot 1 (stop): turn signal -> unticked,24=04 24=00 10=20 12=03 13=3E 14=01 15=AF 16=00 17=00 18=C3 19=41 20=FE 21=7F 22=00 23=00,
2026-09-27T22:14:35,usb/98_slot1_basic_brake.pcapng,Slot 1: Basic commands -> brake (keyboard Down),10=21 12=C3 13=41 14=FD 15=9D 16=00 17=00 18=C3 19=41 20=FD 21=9D 22=00 23=00,
2026-09-27T22:14:53,usb/99_slot1_basic_brake_plus_stop.pcapng,Slot 1: Basic commands -> brake_plus_stop (keyboard Down),10=22 12=23 13=3E 14=40 15=B7 16=00 17=00 18=E3 19=41 20=FD 21=9D 22=00 23=00,
2026-09-27T22:15:12,usb/100_slot1_basic_continue.pcapng,Slot 1: Basic commands -> continue (keyboard Down),10=23 12=83 13=C1 14=FF 15=0E 16=00 17=00 18=43 19=BE 20=00 21=DE 22=00 23=00,
2026-09-27T22:15:30,usb/101_slot1_basic_restore_default.pcapng,Slot 1: Basic commands -> restore_default (keyboard Down),10=24 12=43 13=BE 14=03 15=3C 16=00 17=00 18=43 19=BE 20=03 21=3C 22=00 23=00,
2026-09-27T22:15:48,usb/102_slot1_basic_reverse_in_range.pcapng,Slot 1: Basic commands -> reverse_in_range (keyboard Down),10=25 12=43 13=BE 14=13 15=A1 16=00 17=00 18=43 19=BE 20=13 21=A1 22=00 23=00,
2026-09-27T22:16:07,usb/103_slot1_basic_reverse_until_magnet.pcapng,Slot 1: Basic commands -> reverse_until_magnet (keyboard Down),10=26 12=C3 13=41 14=EB 15=DD 16=00 17=00 18=C3 19=41 20=EB 21=DD 22=00 23=00,
2026-09-27T22:16:43,usb/104_slot1_category_traffic_lanes.pcapng,Slot 1: category -> traffic_lanes (keyboard Down),10=3F 12=43 13=BE 14=16 15=9E 16=00 17=00 18=43 19=BE 20=16 21=9E 22=00 23=00 10=40 14=17 15=C0 20=17 21=C0,
2026-09-27T22:17:01,usb/105_slot1_category_magnetic_sequence.pcapng,Slot 1: category -> magnetic_sequence (keyboard Down),10=5F 12=43 13=BE 14=FF 15=EB 16=00 17=00 18=43 19=BE 20=FF 21=EB 22=00 23=00 10=60 12=C3 13=41 14=BF 15=67 18=C3 19=41 20=BF 21=67,
2026-09-27T22:17:20,usb/106_slot1_category_macros.pcapng,Slot 1: category -> macros (keyboard Down),10=7F 12=43 13=BE 14=03 15=3C 16=00 17=00 18=43 19=BE 20=03 21=3C 22=00 23=00 10=80 14=04 15=BF 20=04 21=BF,
2026-09-27T22:17:41,usb/107_slot1_macro_02.pcapng,"Slot 1: Macros -> next entry (#2, keyboard Down)",10=81 12=43 13=BE 14=05 15=E1 16=00 17=00 18=43 19=BE 20=05 21=E1 22=00 23=00,12 CVs
2026-09-27T22:18:00,usb/108_slot1_macro_03.pcapng,"Slot 1: Macros -> next entry (#3, keyboard Down)",10=82 12=C3 13=41 14=F9 15=FC 16=00 17=00 18=C3 19=41 20=F9 21=FC 22=00 23=00,
2026-09-27T22:18:18,usb/109_slot1_macro_04.pcapng,"Slot 1: Macros -> next entry (#4, keyboard Down)",10=83 12=43 13=BE 14=07 15=5D 16=00 17=00 18=43 19=BE 20=07 21=5D 22=00 23=00,
2026-09-27T22:18:36,usb/110_slot1_macro_05.pcapng,"Slot 1: Macros -> next entry (#5, keyboard Down)",10=84 12=C3 13=41 14=F7 15=E3 16=00 17=00 18=C3 19=41 20=F7 21=E3 22=00 23=00,
2026-09-27T22:18:55,usb/111_slot1_macro_06.pcapng,"Slot 1: Macros -> next entry (#6, keyboard Down)",10=85 12=C3 13=41 14=F6 15=BD 16=00 17=00 18=C3 19=41 20=F6 21=BD 22=00 23=00,
2026-09-27T22:19:13,usb/112_slot1_macro_07.pcapng,"Slot 1: Macros -> next entry (#7, keyboard Down)",10=86 12=C3 13=41 14=F5 15=5F 16=00 17=00 18=C3 19=41 20=F5 21=5F 22=00 23=00,
2026-09-27T22:19:32,usb/113_slot1_macro_08.pcapng,"Slot 1: Macros -> next entry (#8, keyboard Down)",10=87 12=43 13=BE 14=0B 15=FE 16=00 17=00 18=43 19=BE 20=0B 21=FE 22=00 23=00,
2026-09-27T22:19:50,usb/114_slot1_macro_09.pcapng,"Slot 1: Macros -> next entry (#9, keyboard Down)",10=88 12=43 13=BE 14=0C 15=7D 16=00 17=00 18=43 19=BE 20=0C 21=7D 22=00 23=00,
2026-09-27T22:20:08,usb/115_slot1_macro_10.pcapng,"Slot 1: Macros -> next entry (#10, keyboard Down)",10=89 12=43 13=BE 14=0D 15=23 16=00 17=00 18=43 19=BE 20=0D 21=23 22=00 23=00,
2026-09-27T22:20:26,usb/116_slot1_macro_11.pcapng,"Slot 1: Macros -> next entry (#11, keyboard Down)",10=8A 12=43 13=BE 14=0E 15=C1 16=00 17=00 18=43 19=BE 20=0E 21=C1 22=00 23=00,
2026-09-27T22:20:45,usb/117_slot1_macro_12.pcapng,"Slot 1: Macros -> next entry (#12, keyboard Down)",10=8B 12=43 13=BE 14=0F 15=9F 16=00 17=00 18=43 19=BE 20=0F 21=9F 22=00 23=00,
2026-09-27T22:21:03,usb/118_slot1_macro_13.pcapng,"Slot 1: Macros -> next entry (#13, keyboard Down)",10=8C 12=C3 13=41 14=EF 15=BC 16=00 17=00 18=C3 19=41 20=EF 21=BC 22=00 23=00,
2026-09-27T22:21:21,usb/119_slot1_macro_14.pcapng,"Slot 1: Macros -> next entry (#14, keyboard Down)",10=8D 12=43 13=BE 14=11 15=1D 16=00 17=00 18=43 19=BE 20=11 21=1D 22=00 23=00,
2026-09-27T22:21:40,usb/120_slot1_macro_15.pcapng,"Slot 1: Macros -> next entry (#15, keyboard Down)",,
2026-09-27T22:21:58,usb/121_slot1_macro_16.pcapng,"Slot 1: Macros -> next entry (#16, keyboard Down)",,
2026-09-27T22:22:41,usb/122_slot1_category_direct_function.pcapng,Slot 1: category -> direct_function (keyboard Down),10=9F 12=43 13=BE 14=FF 15=EB 16=00 17=00 18=43 19=BE 20=FF 21=EB 22=00 23=00 10=A0 12=43 13=BE 14=60 15=BB 16=00 17=00 18=43 19=BE 20=60 21=BB 22=00 23=00,
2026-09-27T22:22:59,usb/123_slot1_category_direct_speed.pcapng,Slot 1: category -> direct_speed (keyboard Down),10=BF 12=43 13=3E 14=2A 15=AC 16=00 17=00 18=43 19=3E 20=2A 21=AC 22=00 23=00 10=C0 13=BE 15=83 19=BE 21=83,
2026-09-27T22:23:18,usb/124_slot1_category_rolling_highway.pcapng,Slot 1: category -> rolling_highway (keyboard Down),10=DF 12=44 13=BE 14=4F 15=F0 16=BF 17=00 18=44 19=BE 20=4F 21=F0 22=BF 23=00 10=E0 14=50 16=4B 20=50 22=4B,
2026-09-27T22:23:39,usb/125_slot1_rolling_highway_02.pcapng,"Slot 1: Rolling highway -> next entry (#2, keyboard Down)",10=E1 12=44 13=BE 14=51 15=F0 16=8F 17=00 18=44 19=BE 20=51 21=F0 22=8F 23=00,
2026-09-27T22:23:57,usb/126_slot1_rolling_highway_03.pcapng,"Slot 1: Rolling highway -> next entry (#3, keyboard Down)",10=E2 12=44 13=BE 14=52 15=F0 16=DA 17=00 18=44 19=BE 20=52 21=F0 22=DA 23=00,
2026-09-27T22:24:15,usb/127_slot1_rolling_highway_04.pcapng,"Slot 1: Rolling highway -> next entry (#4, keyboard Down)",,
2026-09-27T22:24:34,usb/128_slot1_rolling_highway_05.pcapng,"Slot 1: Rolling highway -> next entry (#5, keyboard Down)",,
2026-09-27T22:24:55,usb/129_slot1_category_no_command.pcapng,Slot 1: category -> no command (keyboard Home),10=00 12=00 18=00,
2026-09-27T22:26:21,usb/130_slot1_category_direct_speed_via_end.pcapng,"Slot 1: category -> Rolling highway (End), then Up -> Direct speed",10=E0 12=44 13=BE 14=50 15=F0 16=4B 17=00 18=44 19=BE 20=50 21=F0 22=4B 23=00 10=BF 12=43 13=3E 14=2A 15=AC 16=00 17=00 18=43 19=3E 20=2A 21=AC 22=00 23=00 10=C0 13=BE 15=83 19=BE 21=83,12 CVs
2026-09-27T22:26:43,usb/131_slot1_direct_speed_02.pcapng,"Slot 1: Direct speed -> next entry (#2, keyboard Down)",10=C1 12=43 13=3E 14=2A 15=AC 16=00 17=00 18=43 19=3E 20=2A 21=AC 22=00 23=00,
2026-09-27T22:27:01,usb/132_slot1_direct_speed_03.pcapng,"Slot 1: Direct speed -> next entry (#3, keyboard Down)",10=C2 12=43 13=3F 14=2A 15=68 16=00 17=00 18=43 19=3F 20=2A 21=68 22=00 23=00,
2026-09-27T22:27:19,usb/133_slot1_direct_speed_04.pcapng,"Slot 1: Direct speed -> next entry (#4, keyboard Down)",10=C3 12=43 13=BF 14=2A 15=47 16=00 17=00 18=43 19=BF 20=2A 21=47 22=00 23=00,
2026-09-27T22:27:37,usb/134_slot1_direct_speed_05.pcapng,"Slot 1: Direct speed -> next entry (#5, keyboard Down)",,
2026-09-27T22:27:56,usb/135_slot1_direct_speed_06.pcapng,"Slot 1: Direct speed -> next entry (#6, keyboard Down)",,
2026-09-27T22:28:53,usb/136_mode_dcc_for_address.pcapng,Operation mode -> DCC (to sweep the DCC address),7=04,
2026-09-27T22:29:26,usb/137_dcc_address_2.pcapng,DCC mode: DCC address -> 2,1=02 9=00,
2026-09-27T22:29:44,usb/138_dcc_address_64.pcapng,DCC mode: DCC address -> 64,1=06 9=00 1=40,
2026-09-27T22:30:03,usb/139_dcc_address_255.pcapng,DCC mode: DCC address -> 255,1=02 9=00 1=19 1=FF 9=00,
2026-09-27T22:30:22,usb/140_dcc_address_256.pcapng,DCC mode: DCC address -> 256,1=02 9=00 1=19 9=00 1=00 9=01,
2026-09-27T22:30:41,usb/141_dcc_address_332.pcapng,DCC mode: DCC address -> 332,1=03 9=00 1=21 1=43 9=01,
2026-09-27T22:31:00,usb/142_dcc_address_2048.pcapng,DCC mode: DCC address -> 2048,1=02 9=00 1=14 1=F0 9=00,
2026-09-27T22:31:18,usb/143_dcc_address_1.pcapng,DCC mode: DCC address -> 1,1=01 9=00,
2026-09-27T22:32:27,usb/144_dcc_address_332_slow.pcapng,DCC mode: DCC address -> 332 (typed slowly),1=03 9=00 1=21 9=00 1=4C 9=01,
2026-09-27T22:32:50,usb/145_dcc_address_2048_slow.pcapng,DCC mode: DCC address -> 2048 (typed slowly),1=02 9=00 1=14 9=00 1=CC 9=00 1=00 9=08,
2026-09-27T22:33:09,usb/146_dcc_address_1_slow.pcapng,DCC mode: DCC address -> 1 (typed slowly),1=01 9=00,
2026-09-27T22:34:09,usb/147_description_ABC.pcapng,General info: description -> 'ABC',70=41 71=42 72=43 73=00,
2026-09-27T22:35:14,usb/148_description_long.pcapng,General info: description -> 'Stop 12345678901234567890123456789012345' (long),70=53 71=74 72=6F 73=70 74=20 75=31 76=32 77=33 78=34 79=35 80=36 81=37 82=38 83=39 84=30 85=31 86=32 87=33 88=34 89=35 90=36 91=37 92=38 93=39 94=30 95=31 96=32 97=33 98=34 99=35 100=36 101=37,
2026-09-27T22:35:34,usb/149_description_empty.pcapng,General info: description -> '' (cleared),70=00,
2026-09-27T22:36:13,usb/150_mode_pedestrian.pcapng,Operation mode -> pedestrian crossing,7=01,
2026-09-27T22:36:47,usb/151_pedestrian_delay_0.pcapng,Pedestrian crossing: delay departure -> 0 s,59=00,
2026-09-27T22:37:08,usb/152_pedestrian_delay_1.pcapng,Pedestrian crossing: delay departure -> 1 s,59=0A,
2026-09-27T22:37:29,usb/153_pedestrian_delay_10.pcapng,Pedestrian crossing: delay departure -> 10 s,59=64,
2026-09-27T22:37:53,usb/154_pedestrian_delay_25_5.pcapng,Pedestrian crossing: delay departure -> 25.5 s,59=14 59=FA,
2026-09-27T22:38:15,usb/155_pedestrian_delay_2_5.pcapng,Pedestrian crossing: delay departure -> 2.5 s,59=14,
2026-09-27T22:38:34,usb/156_pedestrian_inverted_on.pcapng,Pedestrian crossing: inverted mode -> on,58=01,
2026-09-27T22:38:53,usb/157_pedestrian_inverted_off.pcapng,Pedestrian crossing: inverted mode -> off,58=00,
2026-09-27T22:39:34,usb/158_pedestrian_delay_2comma5.pcapng,"Pedestrian crossing: delay departure -> '2,5' (comma)",59=FA,
2026-09-27T22:39:55,usb/159_mode_traffic_master.pcapng,"Operation mode -> traffic control, master",7=03,
2026-09-27T22:40:33,usb/160_traffic_phase_green_red_1.pcapng,Traffic control master: phase green_red -> 1 s,60=01,
2026-09-27T22:40:55,usb/161_traffic_phase_green_red_255.pcapng,Traffic control master: phase green_red -> 255 s,60=02 60=19 60=FF,
2026-09-27T22:41:16,usb/162_traffic_phase_green_red_10.pcapng,Traffic control master: phase green_red -> 10 s,60=01 60=0A,
2026-09-27T22:41:37,usb/163_traffic_phase_red_red_1.pcapng,Traffic control master: phase red_red -> 1 s,62=01,
2026-09-27T22:41:59,usb/164_traffic_phase_red_red_255.pcapng,Traffic control master: phase red_red -> 255 s,62=02 62=19 62=FF,
2026-09-27T22:42:19,usb/165_traffic_phase_red_red_3.pcapng,Traffic control master: phase red_red -> 3 s,62=03,
2026-09-27T22:42:40,usb/166_traffic_phase_red_green_1.pcapng,Traffic control master: phase red_green -> 1 s,61=01,
2026-09-27T22:43:02,usb/167_traffic_phase_red_green_255.pcapng,Traffic control master: phase red_green -> 255 s,61=02 61=19 61=FF,
2026-09-27T22:43:23,usb/168_traffic_phase_red_green_10.pcapng,Traffic control master: phase red_green -> 10 s,61=01 61=0A,
2026-09-27T22:44:02,usb/169_mode_analogue_restore.pcapng,Operation mode -> analogue (restore),7=00,
2026-09-27T22:44:30,usb/170_direct_cv59_25.pcapng,"Direct configuration: write CV59 = 25 (delay departure 2.5 s, restore)",59=19,
2026-09-27T22:45:14,usb/171_direct_read_cv59_cv63_cv55_cv2.pcapng,"Direct configuration: read CV59, CV63, CV55, CV2, CV102",,5 CVs
2026-09-27T22:57:39,usb/172_mode_dcc_slot_test.pcapng,Operation mode -> DCC (which slot is sent without DCC signal?),7=04,
